loan_key,company_reg_number,industry_group,loan_start_date,obs_end_date,event_time,event,start,stop,month_end,loan_original_amount,interest,loan_number_of_missed_payments,total_time_payments_late,behavior_distress_flag,origination_credit_distress_flag,is_overdraft,is_term_loan,duration_days,women_owned,number_of_officers,2019_revenue,capex,cogs,costs,accounts_receivable,capital_and_reserves,current_assets,current_liabilities,fixed_assets,long_term_liabilities,provisions_for_liabilities,liquidity_ratio,leverage_ratio,profit_margin_proxy,working_capital,receivable_turnover_proxy,factor_amount,factor_percent,uk_interest_rate,uk_cpi,uk_gdp,uk_interest_rate_diff,uk_cpi_diff,uk_gdp_yoy,credit_report_total_indebtedness,liens_filed_and_open,liens_closed_last_five_years,missed_and_late_payments_last_five_years,filed_court_cases_last_five_years,payment_index,credit_report_negative_items,credit_report_good_standing_items,business_failure_score,credit_report_credit_score,ratio_debt_to_revenue,credit_signal_score,ca_cum_new_accounts,ca_cum_amount,ca_cum_payin,ca_cum_payout,ca_latest_rev_ratio,ca_latest_cost_ratio,cc_cum_new_cards,cc_cum_agreed_limit,cc_latest_balance_limit_ratio,cc_cum_missed_payments,loan_age_days,log_loan_amount,log_factor_amount,log_ca_cum_amount,log_ca_cum_payin,log_ca_cum_payout,log_cc_cum_agreed_limit,loan_event,loan_event_time,future_event_label,monitoring_row,p_default_90d,warning_threshold,warning_threshold_source,risk_level,warning_flag
20000141_Overdraft_1,20000141,47 : Retail,2020-11-05,2021-02-19,inf,0,57.0,88.0,2021-01-31,19550,0.0,0,0,0.0,0.0,1,0,107,0,3,163819.0,86.26,3279.95,159068.2063,4038.0,4872.0,28444.0,19837.0,1138.0,4873.0,3769.0,1.4338138925294888,5.070798276215884,0.029000083628372662,8607.0,40.559296855657344,0.0,0.0,0.1,-0.1,612665.0,0.0,-0.30000000000000004,-0.060589101168389115,,,,,,,,,,,,,1.0,177265.07626857376,89936.63100000001,87328.44526857375,0.5073567388070129,0.492643261192987,,,,,88.0,9.88078171500049,0.0,12.085407138552755,11.406871720195724,11.377442973258596,,0,inf,0,1,0.10441481881525438,0.10866434578093997,global_fallback,AMBER,1
20000675_Loan_1,20000675,58-63 : Information & communication,2021-09-12,2021-10-02,21.0,0,0.0,19.0,2021-09-30,40650,0.0,0,0,0.0,0.0,0,1,21,0,1,190284.0,263.0,5167.07,182073.1778,6254.0,32910.0,98503.0,74896.0,11198.0,1894.0,14979.0,1.3151795131981254,2.3332624350521103,0.04315012849147329,23607.0,30.421103117505996,0.0,0.0,0.1,0.2999999999999999,666498.0,0.0,-0.3,0.09088141518760273,14796.0,0.0,0.0,0.0,0.0,67.0,0.0,4.0,36.0,613.0,0.0777574572743898,4.0,1.0,202189.94753426613,103324.212,98865.73553426612,0.5110254652125529,0.4889745347874471,,,,,19.0,10.612778714919378,0.0,12.2169678147061,11.545636691156197,11.501528116588077,,1,21.0,1,1,0.10276769077556391,0.11647701388493219,industry,AMBER,1
20000195_Overdraft_1,20000195,"69-75 : Professional, scientific & technical",2021-08-28,2021-09-11,inf,0,0.0,4.0,2021-08-31,19950,0.0,0,0,0.0,0.0,1,0,15,1,1,129701.0,0.01,79589.46,170427.114,6045.0,19603.0,41441.0,31580.0,10146.0,404.0,7895.0,1.3122130394857667,1.631503774739849,-0.3139975790658587,9861.0,21.45236520013232,0.0,0.0,0.1,0.5999999999999999,666498.0,0.0,0.5999999999999999,0.09088141518760273,7569.0,0.0,0.0,0.0,0.0,19.0,3.0,3.0,25.0,620.0,0.0583572987101101,0.0,1.0,142560.85415,61607.975,80952.87915,0.4321521175453759,0.567847882454624,,,,,4.0,9.901034546375062,0.0,11.86753124872275,11.02856283696063,11.301634878278826,,0,inf,0,1,0.10135730644384855,0.10866434578093997,global_fallback,AMBER,1
20000183_Overdraft_1,20000183,"90-99 : Arts, entertainment, recreation & other",2020-01-24,2020-04-22,inf,0,37.0,68.0,2020-03-31,25750,0.0,0,0,0.0,0.0,1,0,90,0,2,140956.0,168.87,5412.65,130522.979,6564.0,3041.0,44333.0,51532.0,13284.0,3043.0,11852.0,0.8602837017057031,17.940499671268903,0.07401562887972923,-7199.0,21.47083015993907,0.0,0.0,0.1,0.0,652180.0,-0.65,-0.2999999999999999,-0.01995022961698445,,,,,,,,,,,,,1.0,185691.62160527735,96413.904,89277.71760527739,0.5192151544938628,0.4807848455061372,,,,,68.0,10.156228740289281,0.0,12.131848013677313,11.47641607445752,11.399518413771805,,0,inf,0,1,0.10102933192993757,0.10830860128219492,industry,AMBER,1
20000660_Loan_1,20000660,"90-99 : Arts, entertainment, recreation & other",2020-10-05,2021-02-22,inf,0,88.0,119.0,2021-01-31,11800,0.0,3,38,0.0,0.0,0,1,141,0,1,95511.0,139.07,5432.45,87322.19833,4448.0,3005.0,32616.0,35567.0,8964.0,3007.0,4268.0,0.917004048582996,12.832335329341317,0.08573584125554905,-2951.0,21.46797033041133,0.0,0.0,0.1,-0.1,612665.0,0.0,-0.30000000000000004,-0.060589101168389115,,,,,,,,,,,,,1.0,102935.09065888422,53772.69299999999,49162.39765888423,0.5223941870143864,0.4776058129856135,,,,,119.0,9.375939552625749,0.0,11.54186359559503,10.89253964886613,10.802904675589577,,0,inf,0,1,0.09811456790948736,0.10830860128219492,industry,AMBER,1
20000087_Overdraft_1,20000087,"69-75 : Professional, scientific & technical",2021-05-30,2021-06-18,inf,0,0.0,2.0,2021-05-31,16250,0.0,0,0,0.0,0.0,1,0,20,0,1,116262.0,136.41,3954.03,108129.4874,5408.0,3986.0,42458.0,45882.0,11398.0,3987.0,10553.0,0.9253536168079681,12.507900677200903,0.06994927534985336,-3424.0,21.494176372712147,0.0,0.0,0.1,0.5,655443.0,0.0,-0.19999999999999984,0.25478217920345503,,,,,,,,,,,,,1.0,153932.56035780738,79755.732,74176.82835780736,0.5181212591709797,0.4818787408290201,,,,,2.0,9.69590972432601,0.0,11.944276362056684,11.28673643087755,11.214220575309138,,0,inf,0,1,0.0928475556488415,0.10866434578093997,global_fallback,AMBER,1
20000313_Overdraft_1,20000313,86-88 : Health,2020-08-14,2020-10-24,inf,0,18.0,48.0,2020-09-30,151600,0.0,0,0,0.0,0.0,1,0,72,0,2,1057620.0,1252.69,15737.35,1009375.51,49259.0,146634.0,327026.0,204285.0,80290.0,56397.0,49028.0,1.6008243345114204,1.7777611075118491,0.045616047714635004,122741.0,21.470158343483558,0.0,0.0,0.1,0.4,610972.0,0.0,0.7,-0.08884537549194915,,,,,,,,,,,,,3.0,1717673.2684920758,878882.2199999957,838791.0484920763,0.5116701971915518,0.4883298028084482,,,,,48.0,11.929007348474721,0.0,14.35648176430221,13.686407312323599,13.63971809834179,,0,inf,0,1,0.091488383389562,0.10866434578093997,global_fallback,AMBER,1
20000929_Loan_1,20000929,"01-03 : Agriculture, forestry & fishing",2020-09-15,2021-02-17,inf,0,108.0,139.0,2021-01-31,22100,0.0,0,0,0.0,0.0,0,1,156,0,1,200408.0,357.73,3083.91,196221.3165,14274.0,190513.0,66951.0,41687.0,273250.0,108001.0,6253.0,1.6060017271157168,0.7857060373515857,0.02089069602662562,25264.0,14.039089316987742,0.0,0.0,0.1,-0.1,612665.0,0.0,-0.30000000000000004,-0.060589101168389115,,,,,,,,,,,,,1.0,270897.8231938259,136878.66400000002,134019.15919382585,0.5052778290583165,0.4947221709416833,,,,,139.0,10.003378135350923,0.0,12.50950068400257,11.826857453858212,11.805745509362794,,0,inf,0,1,0.09018292161116392,0.10866434578093997,global_fallback,AMBER,1
20000894_Overdraft_1,20000894,58-63 : Information & communication,2021-02-16,2021-06-05,inf,0,74.0,105.0,2021-05-31,115050,0.0,0,0,0.0,0.0,1,0,110,1,2,967866.0,0.02,80058.0,236159.304,31818.0,72969.0,541214.0,468391.0,73117.0,72971.0,103046.0,1.1554723394080173,7.418966698643278,0.755999218900944,72823.0,30.417863540651812,0.0,0.0,0.1,0.5,655443.0,0.0,-0.19999999999999984,0.25478217920345503,174810.0,0.0,0.0,0.0,0.0,18.0,1.0,4.0,90.0,756.0,0.1806138453050318,3.0,1.0,603216.677304,484900.866,118315.811304,0.8038585209003215,0.1961414790996784,,,,,105.0,11.653130787298837,0.0,13.310033401121807,13.091701811302165,11.681121147258176,,0,inf,0,1,0.08801696815840376,0.11647701388493219,industry,AMBER,1
20000435_Overdraft_1,20000435,"90-99 : Arts, entertainment, recreation & other",2021-02-17,2021-08-02,inf,0,134.0,165.0,2021-07-31,35700,0.0,0,0,0.0,0.0,1,0,167,0,1,178973.0,121.58,4079.76,171231.5193,8335.0,-1343.0,49179.0,66675.0,14809.0,-1341.0,8667.0,0.737581738556602,-48.684053651266765,0.04325477834769288,-17496.0,21.469889635316697,0.0,0.0,0.1,0.0,666498.0,0.0,-0.4,0.09088141518760273,,,,,,,,,,,,,1.0,166697.35120689217,85191.14800000002,81506.20320689217,0.5110527994789023,0.4889472005210978,,,,,165.0,10.482933978579906,0.0,12.02394117790948,11.352664548946034,11.308446678230068,,0,inf,0,1,0.08783350179360616,0.10830860128219492,industry,AMBER,1
20000017_Overdraft_1,20000017,77-82 : Business administration & support services,2021-01-23,2021-02-05,14.0,0,0.0,9.0,2021-01-31,37400,0.0,0,0,0.0,0.0,1,0,14,0,2,232234.0,224.21,4121.53,224198.2707,10820.0,33572.0,73069.0,49628.0,20188.0,10056.0,10918.0,1.47230449938544,1.7777380633246955,0.03460171507309409,23441.0,21.4614176138989,0.0,0.0,0.1,-0.1,612665.0,0.0,-0.30000000000000004,-0.060589101168389115,,,,,,,,,,,,,1.0,235062.6194247656,119600.51,115462.1094247656,0.5088027619733024,0.4911972380266975,,,,,9.0,10.529452721013085,0.0,12.36761147744444,11.69192074583703,11.656706359005508,,1,14.0,1,1,0.08627736516049211,0.09696271133509085,industry,AMBER,1
20000472_Overdraft_1,20000472,47 : Retail,2020-12-14,2021-01-05,inf,0,0.0,18.0,2020-12-31,43400,0.0,0,0,0.0,0.0,1,0,23,0,1,277479.0,145.18,5807.19,270094.4719,6843.0,6513.0,46810.0,35522.0,1740.0,6514.0,6749.0,1.3177378036764913,6.453177770954866,0.026612830113882067,11288.0,40.54339567504383,0.0,0.0,0.1,0.2,619330.0,0.0,0.30000000000000004,-0.0764360179961735,23218.0,0.0,0.0,0.0,1.0,11.0,1.0,0.0,86.0,811.0,0.083674800615542,-1.0,1.0,375087.8282322189,190073.115,185014.71323221887,0.5067429564318592,0.4932570435681406,,,,,18.0,10.6782377612977,0.0,12.834918152187944,12.155169354028978,12.128196036843944,,0,inf,0,1,0.08542531056453595,0.10866434578093997,global_fallback,AMBER,1
20000385_Overdraft_1,20000385,46 : Wholesale,2021-06-11,2021-08-30,inf,0,20.0,51.0,2021-07-31,150200,0.0,1,4,0.0,0.0,1,0,81,1,1,1517859.0,0.01,29414.74,59196.501,54055.0,107940.0,275761.0,133023.0,32641.0,67438.0,23944.0,2.0730168992061584,1.8571349162968658,0.96099936687178,142738.0,28.079380642296876,0.0,0.0,0.1,0.0,666498.0,0.0,-0.4,0.09088141518760273,,,,,,,,,,,,,3.0,842147.6375340001,810536.706,31610.931533999974,0.9624639076034648,0.037536092396535,,,,,51.0,11.919729676079623,0.0,13.643711806782797,13.60545314097582,10.361289908499415,,0,inf,0,1,0.08206233923822825,0.10866434578093997,global_fallback,AMBER,1
20000336_Overdraft_1,20000336,86-88 : Health,2020-08-22,2021-02-10,inf,0,132.0,163.0,2021-01-31,13500,0.0,0,0,0.0,0.0,1,0,173,0,1,113423.0,158.15,2262.58,107558.3452,5280.0,16913.0,37411.0,23430.0,9571.0,6639.0,3280.0,1.5966454696769237,1.777758070237673,0.05170558964593035,13981.0,21.47756106797955,0.0,0.0,0.1,-0.1,612665.0,0.0,-0.30000000000000004,-0.060589101168389115,9190.0,0.0,1.0,0.0,0.0,20.0,3.0,4.0,68.0,0.0,0.0810241309081932,1.0,1.0,180541.75903697265,92666.591,87875.16803697265,0.513269569845185,0.486730430154815,,,,,163.0,9.510519035757246,0.0,12.103722920872146,11.436774078775061,11.383683921052766,,0,inf,0,1,0.08075530720841595,0.10866434578093997,global_fallback,AMBER,1
20000327_Overdraft_1,20000327,85 : Education,2020-10-18,2020-11-19,inf,0,0.0,14.0,2020-10-31,108000,0.0,0,0,0.0,0.0,1,0,33,0,1,886068.0,0.06,43931.25,131138.064,41268.0,124857.0,336532.0,235086.0,79659.0,56247.0,51718.0,1.431521096445146,2.3333146454372167,0.8519990384496016,101446.0,21.470546899609875,0.0,0.0,0.1,0.0,619330.0,0.0,-0.4,-0.0764360179961735,,,,,,,,,,,,,1.0,566583.777648,493539.8760000001,73043.90164799996,0.8710801393728224,0.1289198606271776,,,,,14.0,11.58989576532275,0.0,13.247381999882814,13.109360963199624,11.198829622108045,,0,inf,0,1,0.07964108418691496,0.10866434578093997,global_fallback,AMBER,1
20000123_Overdraft_1,20000123,"69-75 : Professional, scientific & technical",2019-12-10,2020-03-01,inf,0,53.0,82.0,2020-02-29,147500,0.0,0,0,0.0,0.0,1,0,83,0,1,1065020.0,172.21,6150.35,1051214.495,49601.0,65941.0,328042.0,277145.0,80988.0,65943.0,55429.0,1.183643278272102,5.202875254011101,0.012962659891213308,50897.0,21.47131164065965,0.0,0.0,0.75,0.2999999999999999,652180.0,0.0,0.4999999999999999,-0.01995022961698445,,,,,,,,,,,,,3.0,1197788.7241331185,602801.3200000001,594987.4041331192,0.5032618089106392,0.4967381910893607,,,,,82.0,11.901590234400047,0.0,13.995988519825223,13.30934459443311,13.296297195485955,,0,inf,0,1,0.07812733106357428,0.10866434578093997,global_fallback,AMBER,1
20000423_Overdraft_1,20000423,77-82 : Business administration & support services,2020-04-07,2020-08-23,inf,0,85.0,116.0,2020-07-31,45700,0.0,0,0,0.0,0.0,1,0,139,0,1,302926.0,0.03,147225.07,277783.142,14109.0,48788.0,110180.0,75842.0,25342.0,10891.0,10618.0,1.4527378927521326,1.7777162885076554,0.08299972600659568,34338.0,21.46888731396173,0.0,0.0,0.1,0.4,610972.0,0.0,0.30000000000000004,-0.08884537549194915,,,,,,,,,,,,,1.0,508120.49925,265060.25,243060.24925,0.5216484089723527,0.4783515910276473,,,,,116.0,10.729875458480967,0.0,13.138475869715583,12.487716210336927,12.40106874508903,,0,inf,0,1,0.07439962670968692,0.09696271133509085,industry,AMBER,1
20000417_Loan_1,20000417,46 : Wholesale,2021-09-16,2021-10-13,inf,0,0.0,15.0,2021-09-30,277650,0.0,1,14,0.0,0.0,0,1,28,0,1,1551841.0,0.0,247092.66,519866.735,55272.0,74680.0,195591.0,114285.0,17782.0,24407.0,22857.0,1.7114169714575713,1.857125641059975,0.6649995714769932,81306.0,28.075932191124057,0.0,0.0,0.1,0.2999999999999999,666498.0,0.0,-0.3,0.09088141518760273,226950.0,0.0,0.0,1.0,0.0,0.0,4.0,1.0,50.0,739.0,0.1462456527440633,-3.0,3.0,1466769.07638,1098703.4279999998,368065.6483799998,0.7490636704119851,0.2509363295880149,,,,,15.0,12.53412020832003,0.0,14.198573314357633,13.909642250898381,12.816019310480941,,0,inf,0,1,0.07115049046208988,0.10866434578093997,global_fallback,AMBER,1
20000056_Loan_1,20000056,"01-03 : Agriculture, forestry & fishing",2020-10-30,2021-05-30,inf,0,153.0,183.0,2021-04-30,27200,0.0,0,0,0.0,0.0,0,1,213,0,1,205265.0,326.7,3590.11,199729.8376,14626.0,269519.0,20791.0,14142.0,460492.0,197622.0,3535.0,1.470055858021636,0.7857079252003561,0.02696580242222288,6649.0,14.03329459219252,0.0,0.0,0.1,0.6999999999999998,655443.0,0.0,0.49999999999999983,0.25478217920345503,,,,,,,,,,,,,1.0,337360.699754153,170985.745,166374.95475415303,0.5068336208829407,0.4931663791170593,,,,,183.0,10.211009016314167,0.0,12.728910926806353,12.0493413178605,12.022005294248359,,0,inf,0,1,0.0690539523538799,0.10866434578093997,global_fallback,AMBER,1
20000494_Loan_1,20000494,41-43 : Construction,2021-06-23,2021-08-19,inf,0,8.0,39.0,2021-07-31,484700,0.0,0,0,0.0,0.0,0,1,58,0,1,3339708.0,816.43,32788.27,3290387.501,137252.0,415065.0,879741.0,421299.0,108510.0,151886.0,96898.0,2.0881580821267507,1.3809490538854061,0.014767903131679987,458442.0,24.33249546458001,52155.0,38.0,0.1,0.0,666498.0,0.0,-0.4,0.09088141518760273,,,,,,,,,,,,,4.0,4044358.255670651,2037221.8800000004,2007136.3756706505,0.5037194410617762,0.4962805589382237,,,,,39.0,13.091287484963173,10.861994506543363,15.212833691890562,14.52709810503103,14.512220073702393,,0,inf,0,1,0.06901656699883307,0.10866434578093997,global_fallback,AMBER,1
20000324_Overdraft_1,20000324,58-63 : Information & communication,2021-10-08,2021-11-01,inf,0,0.0,24.0,2021-10-31,78250,0.0,0,0,0.0,0.0,1,0,25,0,1,953792.0,0.02,194259.39,474034.624,31357.0,189134.0,559156.0,429557.0,71290.0,11755.0,60138.0,1.301700818050182,2.333317471647236,0.5029994726319023,129599.0,30.416225524587027,0.0,0.0,0.1,0.9,675680.0,0.0,0.6000000000000001,0.09098541972777041,328659.0,0.0,0.0,0.0,0.0,17.0,0.0,0.0,58.0,625.0,0.3445814181708381,0.0,2.0,815289.002304,544615.2319999998,270673.770304,0.668002672010688,0.331997327989312,,,,,24.0,11.267676887873458,0.0,13.611299159978,13.207836664139359,12.508673269574324,,0,inf,0,1,0.06920007883570889,0.11647701388493219,industry,GREEN,0
20000300_Overdraft_1,20000300,55-56 : Accommodation & food services,2021-05-19,2021-06-20,33.0,0,0.0,13.0,2021-05-31,172800,0.0,0,0,0.0,0.0,1,0,33,0,7,1174807.0,6496.5,97253.03,982341.08,32186.0,39497.0,597324.0,560044.0,41716.0,39499.0,112008.0,1.0665642939406654,15.17907235809408,0.16382755309803818,37280.0,36.49942523379004,0.0,0.0,0.1,0.5,655443.0,0.0,-0.19999999999999984,0.25478217920345503,328001.0,0.0,0.0,0.0,0.0,88.0,1.0,4.0,0.0,436.0,0.2791956466040805,3.0,3.0,1430189.1770722475,778897.041,651292.1360722478,0.5446111979357072,0.4553888020642929,,,,,13.0,12.059895922372384,0.0,14.17331798435319,13.5656354318195,13.386715105667733,,1,33.0,1,1,0.06497835388862905,0.10866434578093997,global_fallback,GREEN,0
20000641_Overdraft_1,20000641,41-43 : Construction,2020-04-30,2020-09-08,inf,0,93.0,124.0,2020-08-31,89900,0.0,0,0,0.0,0.0,1,0,132,1,1,399335.0,0.02,211800.97,363794.185,16409.0,35443.0,76338.0,36597.0,8050.0,12347.0,7685.0,2.0858516858844744,1.3808825189030582,0.08899977713003586,39741.0,24.334856794637417,0.0,0.0,0.1,-0.2999999999999999,610972.0,0.0,-0.7,-0.08884537549194915,,,,,,,,,,,,,1.0,512822.8123200001,268353.12,244469.6923200001,0.5232862375719518,0.4767137624280482,,,,,124.0,11.40646434386837,0.0,13.14768761939192,12.500062730570777,12.406850712900482,,0,inf,0,1,0.06461248041220513,0.10866434578093997,global_fallback,GREEN,0
20000034_Overdraft_1,20000034,46 : Wholesale,2019-12-24,2020-01-11,inf,0,0.0,8.0,2019-12-31,169850,0.0,0,0,0.0,0.0,1,0,19,0,1,1368691.0,94.87,8249.4,1358590.109,48748.0,64672.0,169978.0,89427.0,14800.0,30679.0,21462.0,1.9007246052690432,1.8571273947396905,0.00737995911424927,80551.0,28.0762887443845,0.0,0.0,0.75,0.0,670587.0,0.0,-0.2,0.012787712197184886,,,,,,,,,,,,,3.0,1729096.2230416979,867750.0939999999,861346.1290416978,0.5018518243441179,0.498148175655882,,,,,8.0,12.042676861119235,0.0,14.363109993877883,13.673660194455016,13.666252871777532,,0,inf,0,1,0.06107454609019092,0.10866434578093997,global_fallback,GREEN,0
20000346_Overdraft_1,20000346,58-63 : Information & communication,2020-11-29,2021-02-06,inf,0,33.0,64.0,2021-01-31,292950,0.0,0,0,0.0,0.0,1,0,70,0,2,1323981.0,302.81,6105.02,1311468.154,43528.0,119242.0,770269.0,608968.0,77186.0,119244.0,91345.0,1.264873909837775,6.106958060431221,0.00945091851701904,161301.0,30.416067449286682,0.0,0.0,0.1,-0.1,612665.0,0.0,-0.30000000000000004,-0.060589101168389115,,,,,,,,,,,,,4.0,2058285.789583868,1034029.1610000001,1024256.6285838684,0.5023739493479444,0.4976260506520557,,,,,64.0,12.58776063851891,0.0,14.537384539206624,13.848974502870746,13.839478643351963,,0,inf,0,1,0.06041848244394077,0.11647701388493219,industry,GREEN,0
20000661_Loan_1,20000661,47 : Retail,2021-01-27,2021-06-01,inf,0,94.0,125.0,2021-05-31,329550,0.0,0,0,0.0,0.0,0,1,126,1,1,1388017.0,955.38,32830.88,1337801.529,34225.0,31075.0,188676.0,133796.0,7273.0,31077.0,17393.0,1.4101661472230318,5.305476895353327,0.03617782406280027,54880.0,40.5544615204815,0.0,0.0,0.1,0.5,655443.0,0.0,-0.19999999999999984,0.25478217920345503,,,,,,,,,,,,,4.0,1897169.6958755553,966059.8319999753,931109.8638755884,0.5092110811701167,0.4907889188298832,,,,,125.0,12.705486400917167,0.0,14.455874226880375,13.780982084296793,13.7441336295946,,0,inf,0,1,0.053645280793823025,0.10866434578093997,global_fallback,GREEN,0
20000571_Overdraft_1,20000571,58-63 : Information & communication,2020-06-26,2021-02-02,inf,0,189.0,220.0,2021-01-31,33700,0.0,0,0,0.0,0.0,1,0,222,1,2,215774.0,0.02,98340.68,294963.058,7094.0,42846.0,126231.0,95685.0,16590.0,4289.0,20094.0,1.3192212026837782,2.3332788760006533,-0.36699829915421167,30546.0,30.412121212121214,0.0,0.0,0.1,-0.1,612665.0,0.0,-0.30000000000000004,-0.060589101168389115,,,,,,,,,,,,,1.0,402460.801704,170029.912,232430.88970400003,0.4224757076468103,0.5775242923531897,,,,,220.0,10.425282789490705,0.0,12.905355468738462,12.043735534796483,12.356352513582367,,0,inf,0,1,0.017909987336710342,0.11647701388493219,industry,GREEN,0
20000898_Overdraft_1,20000898,"69-75 : Professional, scientific & technical",2020-02-26,2020-10-08,inf,0,188.0,218.0,2020-09-30,186750,0.0,0,0,0.0,0.0,1,0,226,1,2,1190088.0,165.26,4918.35,1179621.198,55430.0,87423.0,398135.0,315658.0,92372.0,87425.0,37879.0,1.2612819529935786,4.61066755124451,0.008794974157394874,82477.0,21.46971911024517,0.0,0.0,0.1,0.4,610972.0,0.0,0.7,-0.08884537549194915,,,,,,,,,,,,,4.0,1947900.9605936375,978252.3360000001,969648.624593639,0.5022084570982859,0.4977915429017142,,,,,218.0,12.13753145773307,0.0,14.482263433680757,13.793523950238068,13.784690073467749,,0,inf,0,1,0.015836284580496685,0.10866434578093997,global_fallback,GREEN,0
20000150_Overdraft_1,20000150,85 : Education,2020-09-17,2021-05-04,230.0,0,196.0,226.0,2021-04-30,70750,0.0,0,0,0.0,0.0,1,0,230,1,2,622068.0,0.11,293721.29,541821.228,28963.0,78011.0,208094.0,156614.0,51945.0,25413.0,32889.0,1.3286977620279028,2.333320514792596,0.12899979262750594,51480.0,21.477282143350365,0.0,0.0,0.1,0.6999999999999998,655443.0,0.0,0.49999999999999983,0.25478217920345503,,,,,,,,,,,,,2.0,863605.8071759997,461574.456,402031.35117599985,0.5344735435595939,0.4655264564404061,,,,,226.0,11.166921949681214,0.0,13.668872859916874,13.042400821185245,12.904287839925363,,1,230.0,1,1,0.0066090054694724065,0.10866434578093997,global_fallback,GREEN,0
20000000_Overdraft_1,20000000,47 : Retail,2020-03-28,2021-03-28,inf,0,310.0,338.0,2021-02-28,41000,0.0,0,0,0.0,0.0,1,0,366,1,1,540536.0,158.79,5691.53,531828.0317,13328.0,13502.0,94341.0,71429.0,4094.0,13504.0,12857.0,1.320747585048299,6.289935569873362,0.016109846874496934,22912.0,40.553379848450746,0.0,0.0,0.1,0.1,612665.0,0.0,0.2,-0.060589101168389115,,,,,,,,,,,,,1.0,869687.2297276888,438374.69600000005,431312.5337276888,0.5040601736066209,0.4959398263933791,,,,,338.0,10.62135173563291,0.0,13.675890069770842,12.990831575122998,12.97459056106245,,0,inf,0,1,0.0,0.10866434578093997,global_fallback,GREEN,0
20000034_Overdraft_2,20000034,46 : Wholesale,2020-07-02,2024-02-29,inf,0,1278.0,1309.0,2024-01-31,201000,7.0,0,0,0.0,0.0,1,0,1338,0,1,1368691.0,94.87,8249.4,1358590.109,48748.0,64672.0,169978.0,89427.0,14800.0,30679.0,21462.0,1.9007246052690432,1.8571273947396905,0.00737995911424927,80551.0,28.0762887443845,0.0,0.0,5.25,-0.4,691198.0,0.0,-0.8,0.0028902824409537953,334342.0,1.0,1.0,8.0,0.0,46.0,11.0,1.0,48.0,0.0,0.2442786574909895,-10.0,3.0,1729096.2230416979,867750.0939999999,861346.1290416978,0.5018518243441179,0.498148175655882,,,,,1309.0,12.211065162153215,0.0,14.363109993877883,13.673660194455016,13.666252871777532,,0,inf,0,1,0.0,0.10866434578093997,global_fallback,GREEN,0
20000068_Loan_1,20000068,58-63 : Information & communication,2020-10-09,2022-10-09,inf,0,692.0,722.0,2022-09-30,17900,8.0,3,29,0.0,0.0,0,1,731,0,2,199082.0,260.34,5045.42,190009.1289,6545.0,9588.0,119060.0,114136.0,14253.0,9589.0,11413.0,1.0431323760042757,12.90280529773699,0.04557330912232581,4924.0,30.41277115795906,0.0,0.0,2.25,0.4,687029.0,0.5,-0.09999999999999998,0.03080429348625202,38581.0,0.0,0.0,11.0,1.0,55.0,13.0,1.0,29.0,808.0,0.19379451683226,-12.0,1.0,193767.38219853173,99142.836,94624.54619853172,0.51165905672617,0.48834094327383,,,,,722.0,9.792611856190192,0.0,12.174418818578554,11.504326963583736,11.45768276296649,,0,inf,0,1,0.0,0.11647701388493219,industry,GREEN,0
20000082_Overdraft_1,20000082,"69-75 : Professional, scientific & technical",2021-11-14,2022-11-14,inf,0,321.0,352.0,2022-10-31,4150,0.0,0,0,0.0,0.0,1,0,366,0,1,176405.0,80.09,2550.64,169752.3052,8214.0,27773.0,58263.0,40200.0,14825.0,5114.0,10050.0,1.4492923061615384,1.6315258875207028,0.03771240660748499,18063.0,21.473524041387705,0.0,0.0,2.25,1.6,688817.0,0.0,1.2000000000000002,0.019442635567132438,30775.0,0.0,1.0,5.0,1.0,42.0,7.0,0.0,44.0,637.0,0.1744565063348544,-7.0,1.0,215309.843827508,109723.91,105585.933827508,0.509609352036424,0.4903906479635759,,,,,352.0,8.33110454805304,0.0,12.279838048212818,11.6057316943237,11.567289909904725,,0,inf,0,1,0.0,0.10866434578093997,global_fallback,GREEN,0
20000100_Overdraft_1,20000100,58-63 : Information & communication,2021-10-13,2022-10-13,inf,0,323.0,353.0,2022-09-30,136900,0.0,0,0,0.0,0.0,1,0,366,0,1,1145989.0,319.06,4584.13,1136778.371,37676.0,301769.0,908749.0,664108.0,97149.0,40020.0,139462.0,1.3683732640274413,2.3333267057692946,0.008037268213509679,244641.0,30.416142474188497,0.0,0.0,2.25,0.4,687029.0,0.5,-0.09999999999999998,0.03080429348625202,191227.0,0.0,0.0,0.0,0.0,15.0,1.0,5.0,89.0,763.0,0.1668663486298734,4.0,4.0,1136818.1507928027,570702.5219999999,566115.628792803,0.5020174260958088,0.4979825739041912,,,,,353.0,11.827013315851762,0.0,13.943744701851847,13.25462512787425,13.246555393896113,,0,inf,0,1,0.0,0.11647701388493219,industry,GREEN,0
20000150_Overdraft_2,20000150,85 : Education,2021-06-14,2023-06-14,inf,0,686.0,717.0,2023-05-31,88300,17.0,0,0,0.0,0.0,1,0,731,1,2,622068.0,0.11,293721.29,541821.228,28963.0,78011.0,208094.0,156614.0,51945.0,25413.0,32889.0,1.3286977620279028,2.333320514792596,0.12899979262750594,51480.0,21.477282143350365,0.0,0.0,4.5,0.5999999999999999,689491.0,0.25,-0.6000000000000001,0.004598337546533493,119566.0,0.0,0.0,0.0,0.0,28.0,1.0,3.0,98.0,800.0,0.1922072828050952,2.0,2.0,863605.8071759997,461574.456,402031.35117599985,0.5344735435595939,0.4655264564404061,,,,,717.0,11.388506711556236,0.0,13.668872859916874,13.042400821185245,12.904287839925363,,0,inf,0,1,0.0,0.10866434578093997,global_fallback,GREEN,0
20000165_Overdraft_1,20000165,"90-99 : Arts, entertainment, recreation & other",2021-05-03,2022-05-03,inf,0,333.0,363.0,2022-04-30,19050,0.0,0,0,0.0,0.0,1,0,366,0,1,154309.0,149.26,5922.99,146152.859,7186.0,1077.0,53664.0,66257.0,14750.0,1079.0,8613.0,0.8099248392646926,62.46382189239332,0.05285555699565811,-12593.0,21.47057186586893,431.0,6.0,0.75,2.1,686335.0,0.0,1.2000000000000002,0.04713148206632756,8808.0,0.0,0.0,0.0,0.0,18.0,0.0,0.0,93.0,791.0,0.0570802739956839,0.0,1.0,195600.67023340508,100455.159,95145.5112334051,0.5135726727323048,0.4864273272676954,,,,,363.0,9.854874872615435,6.068425588244111,12.183835575571985,11.51747668245006,11.463173206086818,,0,inf,0,1,0.0,0.10830860128219492,industry,GREEN,0
20000176_Overdraft_1,20000176,58-63 : Information & communication,2020-11-11,2021-11-11,inf,0,324.0,355.0,2021-10-31,6650,0.0,0,0,0.0,0.0,1,0,366,0,3,80053.0,0.02,99040.87,290272.178,2631.0,10096.0,30292.0,22354.0,3361.0,1203.0,4023.0,1.3550436144039364,2.333069228483708,-2.625967197141929,7938.0,30.415273556231003,0.0,0.0,0.1,0.9,675680.0,0.0,0.6000000000000001,0.09098541972777041,14609.0,0.0,1.0,4.0,0.0,57.0,5.0,7.0,62.0,683.0,0.1824915993154535,2.0,1.0,319960.953792,69165.792,250795.161792,0.2161694768698659,0.783830523130134,,,,,355.0,8.802522498284421,0.0,12.67595737330741,11.144276142031332,12.432395783764148,,0,inf,0,1,0.0,0.11647701388493219,industry,GREEN,0
20000205_Overdraft_1,20000205,49-53 : Transport & Storage (inc. postal),2020-06-26,2021-04-02,inf,0,248.0,279.0,2021-03-31,43300,0.0,0,0,0.0,0.0,1,0,281,0,1,213516.0,253.21,4234.2,205923.7507,5264.0,41161.0,124903.0,65702.0,17032.0,35071.0,9198.0,1.9010243063482641,2.4482046547786793,0.035558055330488884,59201.0,40.55384615384615,0.0,0.0,0.1,0.2,612665.0,0.0,0.1,-0.060589101168389115,,,,,,,,,,,,,1.0,195458.9238275748,99498.456,95960.46782757482,0.5090504646785691,0.4909495353214309,,,,,279.0,10.675931008412125,0.0,12.183110644184241,11.507907455795054,11.47170201308065,,0,inf,0,1,0.0,0.06026379827634505,industry,GREEN,0
20000230_Loan_1,20000230,"69-75 : Professional, scientific & technical",2021-04-10,2022-04-10,inf,0,325.0,356.0,2022-03-31,31200,0.0,0,0,0.0,0.0,0,1,366,0,1,193589.0,64.01,2019.35,188415.1685,9016.0,12399.0,54505.0,42132.0,12428.0,12401.0,4213.0,1.2936415636199654,4.397822580645161,0.026725716720905006,12373.0,21.46933569923478,0.0,0.0,0.75,0.9,682527.0,0.25,0.20000000000000018,0.11402968996107177,14278.0,0.0,0.0,0.0,0.0,4.0,1.0,4.0,23.0,552.0,0.0737541905790101,3.0,1.0,280009.0555062049,141900.73699999996,138108.31850620496,0.5067719568692859,0.493228043130714,,,,,356.0,10.348205424565993,0.0,12.542580794028709,11.862890104088013,11.835800813632206,,0,inf,0,1,0.0,0.10866434578093997,global_fallback,GREEN,0
20000282_Overdraft_1,20000282,86-88 : Health,2020-11-16,2021-11-16,inf,0,319.0,350.0,2021-10-31,128150,0.0,0,0,0.0,0.0,1,0,366,0,1,612115.0,1580.27,18925.42,568638.2789,28509.0,88021.0,192757.0,128230.0,51746.0,28252.0,29492.0,1.5032012539869455,1.7777601054281884,0.07102693133327664,64527.0,21.47018589968432,0.0,0.0,0.1,0.9,675680.0,0.0,0.6000000000000001,0.09098541972777041,93205.0,0.0,0.0,1.0,0.0,10.0,1.0,6.0,97.0,787.0,0.1522671393447309,5.0,1.0,758043.6050444924,392977.83,365065.7750444924,0.5184105866534349,0.4815894133465651,,,,,350.0,11.760964535117214,0.0,13.538497508598303,12.881511021716005,12.80783556115955,,0,inf,0,1,0.0,0.10866434578093997,global_fallback,GREEN,0
20000295_Overdraft_1,20000295,41-43 : Construction,2020-09-26,2023-09-26,inf,0,1039.0,1070.0,2023-08-31,72900,13.0,0,0,0.0,0.0,1,0,1096,1,1,345453.0,55.55,2161.45,341329.6628,14198.0,35877.0,75222.0,35781.0,10199.0,13763.0,3935.0,2.1022301715946567,1.380901945481911,0.011935994951571003,39441.0,24.32938939361927,3265.0,23.0,5.25,0.4,687839.0,0.25,0.7,0.0011789895331928424,92827.0,0.0,0.0,0.0,0.0,4.0,0.0,5.0,85.0,791.0,0.2687109389699901,5.0,1.0,415503.51099273993,208999.065,206504.44599273996,0.5030019228974743,0.4969980771025258,,,,,1070.0,11.196857635323791,8.09132127353041,12.93724875000027,12.250089841951684,12.238082063881665,,0,inf,0,1,0.0,0.10866434578093997,global_fallback,GREEN,0
20000311_Overdraft_1,20000311,"69-75 : Professional, scientific & technical",2021-10-05,2022-10-05,inf,0,331.0,361.0,2022-09-30,22150,0.0,0,0,0.0,0.0,1,0,366,0,1,145212.0,0.01,28780.15,59536.92,6763.0,9884.0,61150.0,56645.0,15264.0,9885.0,14161.0,1.0795113511986725,6.730399595346484,0.5899959370028854,4505.0,21.46836191602602,0.0,0.0,2.25,0.4,687029.0,0.5,-0.09999999999999998,0.03080429348625202,56275.0,0.0,0.0,0.0,0.0,8.0,0.0,0.0,33.0,531.0,0.3875368426851775,0.0,1.0,134724.78936,95549.496,39175.29335999999,0.7092198581560284,0.2907801418439715,,,,,361.0,10.00563792118106,0.0,11.810996801830738,11.467410140654422,10.575827081612234,,0,inf,0,1,0.0,0.10866434578093997,global_fallback,GREEN,0
20000359_Overdraft_1,20000359,"69-75 : Professional, scientific & technical",2021-11-24,2022-11-24,inf,0,311.0,342.0,2022-10-31,20300,0.0,0,0,0.0,0.0,1,0,366,0,2,193683.0,99.64,3447.59,187075.8879,9020.0,17874.0,79762.0,65595.0,21582.0,17875.0,12463.0,1.2159582901396426,4.669650349650349,0.03411284411722186,14167.0,21.470236115729964,8118.0,90.0,2.25,1.6,688817.0,0.0,1.2000000000000002,0.019442635567132438,0.0,0.0,0.0,0.0,0.0,10.0,0.0,0.0,63.0,791.0,0.0,0.0,1.0,290899.79036263574,147973.812,142925.97836263574,0.5086762414491115,0.4913237585508885,,,,,342.0,9.918425424900335,9.001962272862446,12.580737561436067,11.90479734907324,11.87008913799989,,0,inf,0,1,0.0,0.10866434578093997,global_fallback,GREEN,0
20000425_Overdraft_1,20000425,"69-75 : Professional, scientific & technical",2020-08-06,2021-05-11,inf,0,238.0,268.0,2021-04-30,31050,0.0,0,0,0.0,0.0,1,0,279,1,1,194926.0,103.59,3584.38,185188.4878,9080.0,32047.0,67896.0,48449.0,16438.0,3837.0,5813.0,1.4013622291021672,1.6314902646030953,0.04995466097564728,19447.0,21.465257130271997,8172.0,90.0,0.1,0.6999999999999998,655443.0,0.0,0.49999999999999983,0.25478217920345503,,,,,,,,,,,,,1.0,240612.47080088625,123388.158,117224.31280088628,0.5128086569632014,0.4871913430367986,,,,,268.0,10.343386292962181,9.00859131751613,12.390947069321536,11.723098525977571,11.671853112334574,,0,inf,0,1,0.0,0.10866434578093997,global_fallback,GREEN,0
20000468_Loan_1,20000468,77-82 : Business administration & support services,2020-07-18,2024-02-29,inf,0,1262.0,1293.0,2024-01-31,30950,8.0,0,0,0.0,0.0,0,1,1322,1,1,168767.0,198.69,4063.13,161658.6533,7859.0,24675.0,50569.0,31616.0,17975.0,12251.0,7904.0,1.59942436031249,1.777719241368131,0.04211904330204775,18953.0,21.471628498727735,0.0,0.0,5.25,-0.4,691198.0,0.0,-0.8,0.0028902824409537953,34082.0,0.0,1.0,0.0,0.0,13.0,1.0,0.0,41.0,0.0,0.2019470631106792,-1.0,1.0,265331.799581477,135519.901,129811.898581477,0.5107563481413208,0.4892436518586793,,,,,1293.0,10.340160587768485,0.0,12.488740164528787,11.816881158328952,11.773849451053636,,0,inf,0,1,0.0,0.09696271133509085,industry,GREEN,0
20000482_Overdraft_1,20000482,55-56 : Accommodation & food services,2021-09-30,2024-02-29,inf,0,823.0,854.0,2024-01-31,18900,10.0,0,0,0.0,0.0,1,0,883,0,1,149000.0,328.03,4020.03,141463.3824,4085.0,5065.0,57517.0,51953.0,4569.0,5067.0,7793.0,1.1070754898564115,11.255428345834979,0.0505809867047872,5564.0,36.465981399902105,0.0,0.0,5.25,-0.4,691198.0,0.0,-0.8,0.0028902824409537953,42401.0,1.0,0.0,1.0,0.0,8.0,2.0,6.0,29.0,830.0,0.2845704697986577,4.0,1.0,194320.00284243157,99681.0,94639.00284243152,0.5129734383589344,0.4870265616410655,,,,,854.0,9.846970109700957,0.0,12.177266724440997,11.509740398025453,11.457835528686413,,0,inf,0,1,0.0,0.10866434578093997,global_fallback,GREEN,0
20000520_Loan_1,20000520,"01-03 : Agriculture, forestry & fishing",2021-11-13,2023-11-13,inf,0,687.0,718.0,2023-10-31,103950,6.0,0,0,0.0,0.0,0,1,731,0,1,1130876.0,0.05,215206.61,389021.344,80560.0,1209351.0,421545.0,312402.0,1738010.0,637802.0,43736.0,1.349362842226227,0.785713340698159,0.6559994199192308,109143.0,14.037511947468378,0.0,0.0,5.25,0.1,685628.0,0.0,-0.4,-0.004629676677550099,112798.0,0.0,0.0,5.0,0.0,83.0,5.0,2.0,6.0,799.0,0.0997439153364294,-3.0,3.0,997052.657664,741854.656,255198.0016640001,0.7440476190476191,0.255952380952381,,,,,718.0,11.551674913249506,0.0,13.812559866617143,13.516909969532662,12.449798918470199,,0,inf,0,1,0.0,0.10866434578093997,global_fallback,GREEN,0
20000594_Overdraft_1,20000594,45 : Motor trades,2021-05-25,2022-05-25,inf,0,311.0,341.0,2022-04-30,36600,0.0,2,19,0.0,0.0,1,0,366,0,2,335673.0,72.51,6474.45,327557.6219,9195.0,65986.0,156341.0,149406.0,79325.0,20273.0,28387.0,1.0464101414257698,2.5714004273569038,0.024176367844992382,6935.0,36.502066115702476,8275.0,90.0,0.75,2.1,686335.0,0.0,1.2000000000000002,0.04713148206632756,86127.0,0.0,1.0,2.0,0.0,27.0,4.0,4.0,74.0,742.0,0.2565800645270844,0.0,1.0,499412.6583110064,252761.76900000003,246650.88931100632,0.5061180664799931,0.4938819335200068,,,,,341.0,10.50783084142058,9.021115038865434,13.121190005895164,12.440206655883566,12.415733266519052,,0,inf,0,1,0.0,0.10866434578093997,global_median,GREEN,0
20000618_Overdraft_1,20000618,58-63 : Information & communication,2021-08-20,2022-08-20,inf,0,315.0,346.0,2022-07-31,111300,0.0,1,6,0.0,0.0,1,0,366,1,1,899733.0,0.03,308194.54,593823.78,29581.0,191827.0,568526.0,420124.0,70899.0,27473.0,100829.0,1.3532305861350789,2.333324644994474,0.33999962211053486,148402.0,30.414880670678116,0.0,0.0,1.25,0.5999999999999999,687029.0,0.0,-0.09999999999999998,0.03080429348625202,74835.0,0.0,1.0,1.0,0.0,16.0,2.0,0.0,91.0,842.0,0.0831746751536289,-2.0,1.0,1259068.36554,758474.9189999999,500593.44654,0.6024096385542168,0.3975903614457831,,,,,346.0,11.61999352194924,0.0,14.045883407251422,13.539066329079528,13.123551564310606,,0,inf,0,1,0.0,0.11647701388493219,industry,GREEN,0
20000657_Overdraft_1,20000657,58-63 : Information & communication,2020-06-29,2022-06-29,inf,0,671.0,702.0,2022-05-31,42450,6.0,0,0,0.0,0.0,1,0,731,0,1,183066.0,140.77,2776.5,177542.8284,6017.0,38359.0,112082.0,83533.0,15780.0,5971.0,9188.0,1.3417530586348074,2.3332638164754953,0.030170219646358992,28549.0,30.419740777667,0.0,0.0,1.0,0.5999999999999999,686335.0,0.25,-1.5000000000000002,0.04713148206632756,34589.0,0.0,0.0,0.0,0.0,0.0,0.0,0.0,55.0,822.0,0.1889427856620016,0.0,1.0,258917.1387965088,131441.388,127475.7507965088,0.5076581203197366,0.4923418796802634,,,,,702.0,10.65610574858806,0.0,12.46426722429941,11.786323920531506,11.75568928025939,,0,inf,0,1,0.0,0.11647701388493219,industry,GREEN,0
20000663_Overdraft_1,20000663,"01-03 : Agriculture, forestry & fishing",2020-03-08,2020-11-25,inf,0,207.0,238.0,2020-10-31,42050,0.0,0,0,0.0,0.0,1,0,263,0,1,217853.0,988.81,7548.18,205775.9075,15520.0,241573.0,62118.0,41257.0,369262.0,148550.0,7426.0,1.505598914149983,0.7857095548361993,0.05543663416783717,20861.0,14.036015720636557,13968.0,90.0,0.1,0.0,619330.0,0.0,-0.4,-0.0764360179961735,,,,,,,,,,,,,1.0,243586.62180333625,125265.475,118321.14680333625,0.514254330031044,0.4857456699689558,,,,,238.0,10.646638446331167,9.544595867727551,12.40323199991162,11.738198547223035,11.681166241264505,,0,inf,0,1,0.0,0.10866434578093997,global_fallback,GREEN,0
20000684_Overdraft_1,20000684,"69-75 : Professional, scientific & technical",2021-10-19,2024-02-29,inf,0,804.0,835.0,2024-01-31,33150,9.0,0,0,0.0,0.0,1,0,864,0,1,191227.0,0.02,50040.01,99820.494,8905.0,40342.0,83836.0,64142.0,22328.0,1679.0,10262.0,1.3070171335921301,1.6315345908831766,0.47799750036605515,19694.0,21.47170446889737,0.0,0.0,5.25,-0.4,691198.0,0.0,-0.8,0.0028902824409537953,56541.0,1.0,0.0,5.0,0.0,42.0,9.0,2.0,6.0,795.0,0.2956747739597442,-7.0,1.0,238367.897586,156614.91299999997,81752.98458599999,0.657030223390276,0.342969776609724,,,,,835.0,10.408828161071545,0.0,12.381574742516301,11.961551672957425,11.31146982868484,,0,inf,0,1,0.0,0.10866434578093997,global_fallback,GREEN,0
20000728_Overdraft_1,20000728,41-43 : Construction,2021-01-25,2024-01-25,inf,0,1040.0,1071.0,2023-12-31,66400,8.0,0,0,0.0,0.0,1,0,1096,0,1,344116.0,0.01,256499.76,621817.612,14141.0,42235.0,90604.0,36056.0,9955.0,22267.0,8293.0,2.5127991790775717,1.3808836064021215,-0.8069976548673852,54548.0,24.33290906519587,0.0,0.0,5.25,0.4,685628.0,0.0,0.5,-0.004629676677550099,113429.0,0.0,1.0,0.0,0.0,0.0,2.0,2.0,80.0,790.0,0.3296243127317532,0.0,1.0,725416.142612,258431.11600000004,466985.026612,0.3562522265764161,0.6437477734235839,,,,,1071.0,11.103467395592086,0.0,13.494502137495465,12.462388331093177,13.054054614601661,,0,inf,0,1,0.0,0.10866434578093997,global_fallback,GREEN,0
20000747_Overdraft_1,20000747,55-56 : Accommodation & food services,2021-11-22,2023-11-22,inf,0,678.0,709.0,2023-10-31,201450,3.0,0,0,0.0,0.0,1,0,731,1,5,981737.0,0.03,948394.17,1817195.187,26897.0,29775.0,374222.0,342387.0,27717.0,29777.0,61629.0,1.0929763893594402,12.498790972595378,-0.8509991331699496,31835.0,36.49851290058741,0.0,0.0,5.25,0.1,685628.0,0.0,-0.4,-0.004629676677550099,209034.0,0.0,0.0,0.0,0.0,0.0,1.0,4.0,93.0,808.0,0.2129226055450696,3.0,2.0,2026426.9033879999,710777.588,1315649.315388,0.350754121360926,0.649245878639074,,,,,709.0,12.213301454618094,0.0,14.52178514750571,13.474116251004737,14.089841637767899,,0,inf,0,1,0.0,0.10866434578093997,global_fallback,GREEN,0
20000756_Overdraft_1,20000756,41-43 : Construction,2021-11-21,2022-11-21,inf,0,314.0,345.0,2022-10-31,36400,0.0,0,0,0.0,0.0,1,0,366,1,2,333151.0,0.01,27199.11,54969.915,13689.0,34407.0,72123.0,34064.0,9797.0,13450.0,5450.0,2.1172170849845884,1.380899790746338,0.8349974936365383,38059.0,24.33535427319211,0.0,0.0,2.25,1.6,688817.0,0.0,1.2000000000000002,0.019442635567132438,27248.0,0.0,0.0,2.0,0.0,21.0,6.0,1.0,0.0,524.0,0.0817887384399266,-5.0,1.0,210749.65684500005,180900.993,29848.663845000025,0.8583690987124463,0.1416309012875537,,,,,345.0,10.502351525774941,0.0,12.258430992561498,12.105710688459238,10.303928857283301,,0,inf,0,1,0.0,0.10866434578093997,global_fallback,GREEN,0
20000779_Overdraft_1,20000779,"01-03 : Agriculture, forestry & fishing",2020-06-28,2021-06-28,inf,0,307.0,338.0,2021-05-31,13850,0.0,3,31,0.0,0.0,1,0,366,0,1,139646.0,631.68,7073.63,129471.047,9948.0,155017.0,65550.0,43523.0,211266.0,78276.0,8269.0,1.5060656189688448,0.7857087564024823,0.07286195192163093,22027.0,14.036184541159916,0.0,0.0,0.1,0.5,655443.0,0.0,-0.19999999999999984,0.25478217920345503,,,,,,,,,,,,,1.0,150974.66334343882,78341.406,72633.25734343883,0.5189043264947584,0.4810956735052417,,,,,338.0,9.536112711175099,0.0,11.924873932896794,11.268844319028016,11.193191953754663,,0,inf,0,1,0.0,0.10866434578093997,global_fallback,GREEN,0
20000793_Overdraft_1,20000793,"90-99 : Arts, entertainment, recreation & other",2020-09-18,2023-09-18,inf,0,1047.0,1078.0,2023-08-31,23300,13.0,0,0,0.0,0.0,1,0,1096,0,1,176441.0,121.61,4358.74,169176.4352,8217.0,5801.0,56415.0,60803.0,15993.0,5803.0,9120.0,0.9278172488652062,11.479834539813858,0.04117253715101842,-4388.0,21.47006570941835,0.0,0.0,5.25,0.4,687839.0,0.25,0.7,0.0011789895331928424,54841.0,1.0,1.0,3.0,0.0,0.0,5.0,3.0,39.0,796.0,0.3108177804478551,-2.0,1.0,227761.8898020337,116274.619,111487.27080203369,0.5105095461802837,0.4894904538197163,,,,,1078.0,10.056251557087757,0.0,12.336060409797463,11.663718677664454,11.621674669748376,,0,inf,0,1,0.0,0.10830860128219492,industry,GREEN,0
20000821_Overdraft_1,20000821,55-56 : Accommodation & food services,2020-09-06,2022-09-06,inf,0,694.0,725.0,2022-08-31,44200,4.0,0,0,0.0,0.0,1,0,731,0,2,164425.0,279.44,4704.43,156122.0919,4505.0,3146.0,60392.0,58260.0,4162.0,3148.0,8156.0,1.03657678378332,19.513187162376866,0.05049632114142533,2132.0,36.49023524189969,4054.0,90.0,1.75,0.5,687029.0,0.5,-0.09999999999999987,0.03080429348625202,35582.0,1.0,1.0,0.0,0.0,11.0,6.0,5.0,17.0,0.0,0.2164026151740915,-1.0,1.0,284004.72338780307,145680.55,138324.17338780302,0.5129511518760058,0.487048848123994,,,,,725.0,10.69650269224425,8.307705966549513,12.556749669714232,11.889178354103262,11.83736252124684,,0,inf,0,1,0.0,0.10866434578093997,global_fallback,GREEN,0
20000863_Overdraft_1,20000863,"01-03 : Agriculture, forestry & fishing",2020-05-02,2023-05-02,inf,0,1064.0,1094.0,2023-04-30,21600,8.0,0,0,0.0,0.0,1,0,1096,0,2,169104.0,1053.45,8475.04,157278.9115,12046.0,190916.0,83457.0,74280.0,257464.0,75725.0,17084.0,1.1235309163850782,0.7857079254335654,0.06992749179503865,9177.0,14.037021665144849,0.0,0.0,4.25,1.2,689491.0,0.0,0.5000000000000001,0.004598337546533493,12673.0,1.0,1.0,0.0,0.0,16.0,2.0,7.0,67.0,809.0,0.074942047497398,5.0,1.0,282647.6013211276,146444.06399999998,136203.53732112757,0.5181153610202369,0.4818846389797631,,,,,1094.0,9.980494888896912,0.0,12.551959713643033,11.894405647351924,11.821912985807328,,0,inf,0,1,0.0,0.10866434578093997,global_fallback,GREEN,0
20000872_Overdraft_1,20000872,47 : Retail,2021-11-29,2024-02-29,inf,0,763.0,794.0,2024-01-31,69200,14.0,0,0,0.0,0.0,1,0,823,1,2,266382.0,153.37,5012.15,261033.9939,6568.0,6027.0,51298.0,40937.0,1695.0,6029.0,9415.0,1.2530656114123797,7.791307232913073,0.0200763791232924,10361.0,40.551377683056785,0.0,0.0,5.25,-0.4,691198.0,0.0,-0.8,0.0028902824409537953,133735.0,0.0,1.0,7.0,1.0,37.0,9.0,0.0,0.0,736.0,0.502042180027179,-9.0,1.0,407165.14725232654,205646.904,201518.2432523266,0.505070007557787,0.4949299924422131,,,,,794.0,11.1447705923684,0.0,12.91697660533109,12.233920781532719,12.213640155820585,,0,inf,0,1,0.0,0.10866434578093997,global_fallback,GREEN,0
20000875_Loan_1,20000875,49-53 : Transport & Storage (inc. postal),2020-04-15,2023-04-15,inf,0,1050.0,1081.0,2023-03-31,24650,11.0,0,0,0.0,0.0,0,1,1096,0,1,213308.0,0.04,168217.46,300764.28,5259.0,40745.0,125530.0,89402.0,14971.0,10354.0,22350.0,1.4040915852935585,2.448240318068031,-0.40999807790576126,36128.0,40.55285171102662,0.0,0.0,4.25,0.6999999999999998,689206.0,0.25,-0.30000000000000016,0.009785693459746003,32443.0,0.0,0.0,0.0,0.0,15.0,0.0,5.0,81.0,733.0,0.1520946237365687,5.0,1.0,360364.66828,149528.908,210835.76028,0.4149377593360995,0.5850622406639004,,,,,1081.0,10.112572746599298,0.0,12.794874540134398,11.915251705316548,12.258839465076093,,0,inf,0,1,0.0,0.06026379827634505,industry,GREEN,0
20000877_Overdraft_1,20000877,41-43 : Construction,2021-02-22,2023-02-22,inf,0,678.0,709.0,2023-01-31,39750,9.0,0,0,0.0,0.0,1,0,731,0,1,310897.0,201.98,6600.54,301495.8651,12776.0,36824.0,79190.0,40784.0,8487.0,10068.0,6933.0,1.9416452127007477,1.380909708078751,0.03023864708039294,38406.0,24.33255067699773,0.0,0.0,3.5,-0.4,689206.0,0.0,-0.8,0.009785693459746003,87001.0,0.0,0.0,6.0,0.0,25.0,6.0,7.0,44.0,801.0,0.2798386603923486,1.0,1.0,432961.7556094744,219804.179,213157.5766094744,0.5076757384508122,0.4923242615491878,,,,,709.0,10.590390276998745,0.0,12.978406988526427,12.300496883003461,12.26979165881981,,0,inf,0,1,0.0,0.10866434578093997,global_fallback,GREEN,0
20000936_Overdraft_1,20000936,"01-03 : Agriculture, forestry & fishing",2020-05-30,2021-05-30,inf,0,306.0,336.0,2021-04-30,28800,0.0,0,0,0.0,0.0,1,0,366,1,1,156482.0,858.4,9045.29,143894.6254,11146.0,172270.0,102377.0,65908.0,205247.0,69446.0,7249.0,1.5533083493908268,0.7857039199865329,0.08043924643571512,36469.0,14.038037140037678,0.0,0.0,0.1,0.6999999999999998,655443.0,0.0,0.49999999999999983,0.25478217920345503,,,,,,,,,,,,,1.0,163104.50759674684,84969.726,78134.78159674685,0.5209526533140078,0.4790473466859923,,,,,336.0,10.268165387743457,0.0,12.00215255625937,11.350062076153153,11.266203381955325,,0,inf,0,1,0.0,0.10866434578093997,global_fallback,GREEN,0
20000953_Loan_1,20000953,"01-03 : Agriculture, forestry & fishing",2021-07-20,2024-02-29,inf,0,895.0,926.0,2024-01-31,40250,6.0,0,0,0.0,0.0,0,1,955,1,1,190823.0,566.32,4937.41,181788.4029,13593.0,211391.0,82744.0,55927.0,294740.0,110166.0,5592.0,1.4794736089257616,0.7857109067514381,0.04734518247180655,26817.0,14.037295865823157,0.0,0.0,5.25,-0.4,691198.0,0.0,-0.8,0.0028902824409537953,79224.0,0.0,0.0,0.0,0.0,17.0,1.0,2.0,51.0,799.0,0.4151700790785178,1.0,1.0,300697.4021361255,153994.16100000002,146703.24113612546,0.512123350271869,0.487876649728131,,,,,926.0,10.602890127258581,0.0,12.613863055148487,11.94467645882416,11.896173873979883,,0,inf,0,1,0.0,0.10866434578093997,global_fallback,GREEN,0
20000970_Overdraft_1,20000970,86-88 : Health,2021-10-31,2022-10-31,inf,0,305.0,335.0,2022-09-30,22800,0.0,0,0,0.0,0.0,1,0,366,1,1,144180.0,0.03,13463.86,36477.54,6716.0,28092.0,57983.0,44261.0,20052.0,5681.0,5753.0,1.3099950295964935,1.7777382266044923,0.7469948190122138,13722.0,21.464939705225547,0.0,0.0,2.25,0.4,687029.0,0.5,-0.09999999999999998,0.03080429348625202,14473.0,0.0,0.0,5.0,0.0,54.0,5.0,6.0,34.0,673.0,0.100381467609932,1.0,1.0,90328.77,72090.0,18238.76999999999,0.7980845969672786,0.2019154030327213,,,,,335.0,10.034559673629849,0.0,11.41122236392123,11.185684488851868,9.811359653899697,,0,inf,0,1,0.0,0.10866434578093997,global_fallback,GREEN,0
20000315_Overdraft_1,20000315,64-66 : Finance & insurance,2021-04-13,2021-06-26,inf,0,18.0,49.0,2021-05-31,0,0.0,2,23,0.0,0.0,1,0,75,0,1,,,,,,,,,,,,,,,,,,,0.1,0.5,655443.0,0.0,-0.19999999999999984,0.25478217920345503,3045.0,0.0,0.0,10.0,0.0,53.0,12.0,2.0,0.0,534.0,0.1015,-10.0,4.0,0.0,0.0,0.0,,,,,,,49.0,0.0,,0.0,0.0,0.0,,0,inf,0,1,0.5418929434427411,0.10866434578093997,global_median,RED,1
20000702_Overdraft_1,20000702,"69-75 : Professional, scientific & technical",2021-03-15,2021-05-08,55.0,0,17.0,47.0,2021-04-30,37700,0.0,0,0,0.0,0.0,1,0,55,0,1,185193.0,0.01,41864.73,94078.044,8623.0,-243.0,61711.0,80005.0,17809.0,-241.0,8800.0,0.7713296502762292,-329.60330578512395,0.49199734332645767,-18294.0,21.474141929499073,0.0,0.0,0.1,0.6999999999999998,655443.0,0.0,0.49999999999999983,0.25478217920345503,16649.0,0.0,0.0,0.0,0.0,50.0,0.0,3.0,55.0,665.0,0.0899008061859789,3.0,1.0,153878.345244,102041.343,51837.002244,0.6631299734748011,0.3368700265251989,,,,,47.0,10.537441898283253,0.0,11.943924101879274,11.533143133575827,10.855878793323711,,1,55.0,1,1,0.3029252648541364,0.10866434578093997,global_fallback,RED,1
20000548_Loan_1,20000548,"69-75 : Professional, scientific & technical",2020-12-23,2021-02-07,47.0,0,9.0,40.0,2021-01-31,16700,0.0,0,0,0.0,0.0,0,1,47,1,1,103392.0,77.2,2617.0,97553.09196,4816.0,6519.0,26414.0,22070.0,8698.0,6521.0,3752.0,1.196774047392506,4.385122699386503,0.05647295310127373,4344.0,21.463981731368072,2215.0,46.0,0.1,-0.1,612665.0,0.0,-0.30000000000000004,-0.060589101168389115,,,,,,,,,,,,,1.0,94645.13831209533,48697.63199999999,45947.50631209533,0.5145286157162983,0.4854713842837017,,,,,40.0,9.723223876851618,7.703459047867175,11.457900356144235,10.793406218327064,10.735276620445799,,1,47.0,1,1,0.1714380523717961,0.10866434578093997,global_fallback,RED,1
20000543_Overdraft_1,20000543,58-63 : Information & communication,2021-01-21,2021-03-11,50.0,0,11.0,39.0,2021-02-28,18950,0.0,1,13,0.0,0.0,1,0,50,1,1,134949.0,222.51,3973.33,128435.3375,4436.0,23176.0,67975.0,46503.0,9279.0,7575.0,5580.0,1.4617022191639428,2.3332614229624196,0.048267228603186406,21472.0,30.41446923597025,0.0,0.0,0.1,0.1,612665.0,0.0,0.2,-0.060589101168389115,,,,,,,,,,,,,1.0,201489.01819627825,103235.985,98253.03319627824,0.5123653185874072,0.4876346814125927,,,,,39.0,9.84961197956681,0.0,12.2134951216544,11.544782449609134,11.495311579232764,,1,50.0,1,1,0.14732024016687728,0.11647701388493219,industry,RED,1
20000837_Loan_1,20000837,"90-99 : Arts, entertainment, recreation & other",2020-07-13,2020-09-01,51.0,0,19.0,50.0,2020-08-31,31000,0.0,0,0,0.0,0.0,0,1,51,0,1,155138.0,169.66,4903.35,147878.0862,7227.0,-3110.0,47036.0,69860.0,16605.0,-3108.0,11177.0,0.6732797984569359,-21.47056931489225,0.04679618793469088,-22824.0,21.463475373547315,0.0,0.0,0.1,-0.2999999999999999,610972.0,0.0,-0.7,-0.08884537549194915,,,,,,,,,,,,,1.0,182415.68387395336,93393.076,89022.60787395336,0.5119794198427219,0.488020580157278,,,,,50.0,10.34177474101152,0.0,12.11404882104657,11.444583196081215,11.396656870550569,,1,51.0,1,1,0.13941877690220505,0.10830860128219492,industry,RED,1
20000402_Overdraft_1,20000402,"69-75 : Professional, scientific & technical",2021-07-14,2021-09-24,inf,0,18.0,49.0,2021-08-31,28350,0.0,0,0,0.0,0.0,1,0,73,0,1,181298.0,57.31,2283.2,174879.0984,8444.0,29784.0,58136.0,47268.0,20244.0,1328.0,11817.0,1.2298969726459201,1.6315595098203794,0.035405057942956175,10868.0,21.468087625814093,0.0,0.0,0.1,0.5999999999999999,666498.0,0.0,0.5999999999999999,0.09088141518760273,40806.0,0.0,0.0,0.0,0.0,11.0,1.0,5.0,65.0,663.0,0.2250769451400456,4.0,1.0,166690.88203353764,84847.46399999999,81843.41803353764,0.5090108286962509,0.4909891713037491,,,,,49.0,10.252417581902414,0.0,12.023902369493934,11.348622167964637,11.312575382960441,,0,inf,0,1,0.13323412740191776,0.10866434578093997,global_fallback,RED,1
20000919_Overdraft_1,20000919,"69-75 : Professional, scientific & technical",2020-02-25,2020-04-26,inf,0,5.0,36.0,2020-03-31,28250,0.0,0,0,0.0,0.0,1,0,62,0,1,200885.0,0.02,15679.48,30534.52,9358.0,14816.0,68550.0,56121.0,17206.0,14818.0,11785.0,1.2214461352054453,4.7876763177431325,0.8479957787003575,12429.0,21.464365851052463,0.0,0.0,0.1,0.0,652180.0,-0.65,-0.2999999999999999,-0.01995022961698445,,,,,,,,,,,,,,,,,,,,,,,36.0,10.248884134178173,0.0,,,,,0,inf,0,1,0.13256513928640745,0.10866434578093997,global_fallback,RED,1
20000947_Overdraft_1,20000947,"01-03 : Agriculture, forestry & fishing",2021-05-12,2021-07-30,inf,0,20.0,50.0,2021-06-30,30350,0.0,0,0,0.0,0.0,1,0,80,0,1,190062.0,0.07,32310.96,55308.042,13531.0,174698.0,47917.0,37229.0,264043.0,100032.0,3722.0,1.2870534515175933,0.7856999753862357,0.7089962696579555,10688.0,14.045373928465859,0.0,0.0,0.1,0.4,655443.0,0.0,-0.09999999999999998,0.25478217920345503,0.0,0.0,0.0,0.0,0.0,6.0,0.0,4.0,78.0,793.0,0.0,4.0,1.0,200221.954272,155090.59199999998,45131.36227199999,0.774593338497289,0.225406661502711,,,,,50.0,10.320584744874001,0.0,12.207186795993977,11.951771137508228,10.71735483516931,,0,inf,0,1,0.1312982839859742,0.10866434578093997,global_fallback,RED,1
20000720_Loan_1,20000720,"69-75 : Professional, scientific & technical",2020-05-16,2020-09-20,128.0,0,77.0,108.0,2020-08-31,15600,0.0,0,0,0.0,0.0,0,1,128,1,1,160285.0,89.69,2512.35,154310.3357,7467.0,25237.0,49641.0,33953.0,16773.0,7224.0,5432.0,1.4620074218059729,1.6315476662176083,0.03727502277179544,15688.0,21.46290840921264,6720.0,90.0,0.1,-0.2999999999999999,610972.0,0.0,-0.7,-0.08884537549194915,,,,,,,,,,,,,1.0,245698.95715306597,125182.585,120516.37215306592,0.5094957929431241,0.4905042070568758,,,,,108.0,9.65509029374725,8.812992231969966,12.41186638412206,11.737536618828797,11.699549188767108,,1,128.0,1,1,0.11637738861601521,0.10866434578093997,global_fallback,RED,1
20000834_Overdraft_1,20000834,85 : Education,2020-02-26,2020-05-10,inf,0,35.0,65.0,2020-04-30,9750,0.0,0,0,0.0,0.0,1,0,75,0,1,68471.0,966.5,5287.22,57419.11515,3190.0,6632.0,16620.0,12807.0,5485.0,2666.0,1921.0,1.297626483447845,2.3327302879541687,0.16140736140320133,3813.0,21.457536822312754,0.0,0.0,0.1,0.0,522356.0,0.0,0.0,-0.21671077788191195,,,,,,,,,,,,,1.0,103985.23511056312,56557.046,47428.18911056312,0.5438949668177918,0.4561050331822083,,,,,65.0,9.18512512283512,0.0,11.552013814657728,10.94302275259037,10.766993122173997,,0,inf,0,1,0.11542083906584921,0.10866434578093997,global_fallback,RED,1
20000221_Overdraft_1,20000221,47 : Retail,2021-08-20,2021-10-14,inf,0,12.0,42.0,2021-09-30,76050,0.0,0,0,0.0,0.0,1,0,56,0,1,537596.0,0.01,203025.98,554261.476,13252.0,33686.0,90227.0,59671.0,3346.0,215.0,14917.0,1.512049202305939,1.7777184076943628,-0.030999942335987782,30556.0,40.56409869463518,0.0,0.0,0.1,0.2999999999999999,666498.0,0.0,-0.3,0.09088141518760273,123026.0,0.0,0.0,0.0,0.0,4.0,1.0,0.0,53.0,609.0,0.2288447086659871,-1.0,1.0,935721.856932,460719.772,475002.084932,0.4923682914820285,0.5076317085179715,,,,,42.0,11.239159446844907,0.0,13.749074618594168,13.040547437817281,13.071076577589373,,0,inf,0,1,0.1147358098745288,0.10866434578093997,global_fallback,RED,1
20000439_Loan_1,20000439,"90-99 : Arts, entertainment, recreation & other",2020-12-29,2021-03-25,inf,0,34.0,62.0,2021-02-28,15550,0.0,0,0,0.0,0.0,0,1,87,0,1,175856.0,0.02,86565.15,149301.744,8192.0,14575.0,58554.0,62095.0,18159.0,43.0,6830.0,0.9429592888430817,4.263035126234906,0.1509991413477996,-3541.0,21.46417673623825,0.0,0.0,0.1,0.1,612665.0,0.0,0.2,-0.060589101168389115,,,,,,,,,,,,,1.0,203548.747744,110085.856,93462.891744,0.5408328826392644,0.4591671173607355,,,,,62.0,9.651880224221337,0.0,12.223665714647625,11.609024933204473,11.445330456132169,,0,inf,0,1,0.11431668453473298,0.10830860128219492,industry,RED,1
20000478_Overdraft_1,20000478,47 : Retail,2020-10-30,2021-02-20,114.0,0,63.0,94.0,2021-01-31,23800,0.0,0,0,0.0,0.0,1,0,114,0,1,195082.0,139.96,4293.27,189409.8203,4810.0,4500.0,29822.0,22124.0,1304.0,4502.0,4424.0,1.3478870056497174,5.915574316818485,0.029075725204143917,7698.0,40.54915817917273,0.0,0.0,0.1,-0.1,612665.0,0.0,-0.30000000000000004,-0.060589101168389115,12142.0,0.0,0.0,4.0,0.0,44.0,6.0,1.0,0.0,349.0,0.0622404937410934,-5.0,1.0,306824.4725915426,155675.43600000002,151149.03659154256,0.5073762033553353,0.4926237966446646,,,,,94.0,10.077482875583607,0.0,12.634034371728657,11.9555350040437,11.926028242295187,,1,114.0,1,1,0.11332712009247514,0.10866434578093997,global_fallback,RED,1
20000864_Overdraft_1,20000864,"90-99 : Arts, entertainment, recreation & other",2021-05-20,2021-08-19,inf,0,42.0,73.0,2021-07-31,20800,0.0,0,0,0.0,0.0,1,0,92,0,2,103903.0,159.19,5726.18,95318.02394,4839.0,2303.0,32012.0,38371.0,10968.0,2305.0,3837.0,0.8342541436464088,17.65451388888889,0.082624115144749,-6359.0,21.467561983471075,0.0,0.0,0.1,0.0,666498.0,0.0,-0.4,0.09088141518760273,,,,,,,,,,,,,1.0,122720.15074399322,64004.248,58715.90274399322,0.5215463606585637,0.4784536393414362,,,,,73.0,9.942756341456828,0.0,11.71766999354533,11.066720358979993,10.980482915711868,,0,inf,0,1,0.10841615312549291,0.10830860128219492,industry,RED,1
20000559_Overdraft_1,20000559,77-82 : Business administration & support services,2021-02-21,2021-06-16,116.0,0,69.0,100.0,2021-05-31,34850,0.0,0,0,0.0,0.0,1,0,116,1,1,294095.0,190.22,4403.27,286176.8712,13696.0,44679.0,101337.0,72445.0,22771.0,6984.0,12315.0,1.3987935841868426,1.7777305282005371,0.026923619498395102,28892.0,21.471490107322772,0.0,0.0,0.1,0.5,655443.0,0.0,-0.19999999999999984,0.25478217920345503,,,,,,,,,,,,,1.0,467699.1281515728,237040.57,230658.5581515728,0.5068227750109884,0.4931772249890115,,,,,100.0,10.458837110181584,0.0,13.05558261771773,12.375990805580221,12.348698128194867,,1,116.0,1,1,0.09760357870928316,0.09696271133509085,industry,RED,1
20000408_Overdraft_1,20000408,49-53 : Transport & Storage (inc. postal),2020-01-26,2020-05-11,inf,0,66.0,96.0,2020-04-30,32500,0.0,0,0,0.0,0.0,1,0,107,0,1,224848.0,202.7,3482.76,218352.7419,5545.0,34193.0,103109.0,73113.0,14800.0,10602.0,17547.0,1.4102497469704844,2.4482365327250393,0.02888720029886727,29996.0,40.54237288135593,0.0,0.0,0.1,0.0,522356.0,0.0,0.0,-0.21671077788191195,,,,,,,,,,,,,1.0,382039.03947531874,193818.976,188220.06347531875,0.5073276706647187,0.4926723293352812,,,,,96.0,10.389026137075234,0.0,12.85328069747638,12.174685048462303,12.145372420568524,,0,inf,0,1,0.0972747353623995,0.06026379827634505,industry,RED,1
20000031_Overdraft_1,20000031,49-53 : Transport & Storage (inc. postal),2021-01-23,2021-02-14,inf,0,0.0,9.0,2021-01-31,26300,0.0,2,27,0.0,0.0,1,0,23,0,1,190664.0,433.86,5976.02,181669.3821,4701.0,31724.0,98261.0,67591.0,11131.0,10077.0,9462.0,1.4537371286542786,2.4481639085894407,0.04717498177431627,30670.0,40.54955338153977,0.0,0.0,0.1,-0.1,612665.0,0.0,-0.30000000000000004,-0.060589101168389115,,,,,,,,,,,,,1.0,206272.69370518392,105627.856,100644.83770518392,0.5120787153289861,0.487921284671014,,,,,9.0,10.177362240256695,0.0,12.236959176169478,11.567686870502005,11.519363076066622,,0,inf,0,1,0.09164978817275315,0.06026379827634505,industry,RED,1
20000984_Loan_1,20000984,49-53 : Transport & Storage (inc. postal),2020-02-20,2020-09-09,203.0,0,163.0,194.0,2020-08-31,24650,0.0,3,42,0.0,0.0,0,1,203,0,1,180755.0,222.83,3276.89,175425.852,4459.0,24185.0,73490.0,51328.0,9907.0,7883.0,10265.0,1.4317442381499736,2.448151823368891,0.029482551063311793,22162.0,40.5280269058296,0.0,0.0,0.1,-0.2999999999999999,610972.0,0.0,-0.7,-0.08884537549194915,,,,,,,,,,,,,1.0,217626.50054962945,110441.305,107185.1955496294,0.5074809580684041,0.4925190419315959,,,,,194.0,10.112572746599298,0.0,12.290540167180835,11.612248536887503,11.582322746468968,,1,203.0,1,1,0.06338280833510346,0.06026379827634505,industry,RED,1
